customer_id,monthly_visits,monthly_spend
1,7.7,5.59
2,1.2,1.89
3,1.2,0.41
4,7.0,6.27
5,5.8,5.63
6,11.6,2.5
7,11.0,2.28
8,6.3,6.06
9,7.5,5.11
10,7.5,6.46
11,11.5,2.59
12,5.5,0.81
13,4.1,5.25
14,13.0,2.65
15,9.0,4.96
16,4.4,0.84
17,4.3,1.44
18,1.3,0.7
19,6.3,4.93
20,7.4,5.93
21,2.8,0.41
22,13.1,3.01
23,12.0,2.04
24,9.9,1.8
25,2.2,1.04
26,4.7,1.15
27,11.7,2.06
28,4.1,1.45
29,3.6,0.37
30,12.2,3.26
31,12.0,2.86
32,14.0,2.0
33,12.3,3.79
34,12.7,2.41
35,2.8,2.25
36,1.4,1.66
37,13.6,3.37
38,11.3,2.23
39,7.6,5.37
40,6.3,5.78
41,6.0,5.53
42,13.0,3.42
43,5.0,5.26
44,5.7,6.24
45,11.2,3.31
46,4.1,0.72
47,7.1,5.46
48,7.3,6.47
49,5.8,5.24
50,3.7,1.47
51,6.6,5.45
52,6.5,5.87
53,8.9,2.19
54,12.7,3.78
55,7.9,5.25
56,12.5,2.46
57,10.8,3.0
58,2.1,1.38
59,10.8,3.1
60,12.2,1.97
61,5.9,5.65
62,2.3,0.57
63,7.4,5.45
64,11.3,2.06
65,6.3,5.1
66,2.6,1.68
67,12.8,1.98
68,3.2,0.36
69,7.8,6.21
70,6.8,5.73
71,3.4,0.64
72,5.7,4.92
73,2.1,1.32
74,3.5,1.32
75,4.3,1.12
76,12.2,2.74
77,13.1,1.98
78,1.7,2.17
79,14.3,1.7
80,5.6,4.84
81,4.4,0.92
82,13.4,2.13
83,7.6,5.32
84,3.6,1.11
85,4.3,0.2
86,1.5,0.84
87,6.3,6.18
88,11.3,2.11
89,3.3,0.43
90,4.8,1.08
