student_id,hours_studied,attendance,marks,result
1,2.5,85,34,Fail
2,3.9,82,54,Pass
3,5.2,69,39,Fail
4,2.5,91,42,Fail
5,4.3,84,52,Pass
6,7.1,95,63,Pass
7,1.2,77,17,Fail
8,7.9,88,79,Pass
9,5.2,96,55,Pass
10,6.4,82,62,Pass
11,2.4,97,39,Fail
12,8.2,68,79,Pass
13,3.7,85,45,Pass
14,6.8,87,63,Pass
15,0.6,89,23,Fail
16,7.6,69,64,Pass
17,1.8,76,31,Fail
18,1.9,90,38,Fail
19,4.2,78,55,Pass
20,7.9,87,64,Pass
21,5.0,76,50,Pass
22,6.6,95,62,Pass
23,4.2,83,49,Pass
24,8.8,80,80,Pass
25,4.8,62,51,Pass
26,4.0,93,41,Fail
27,5.8,80,62,Pass
28,8.3,68,68,Pass
29,0.6,71,18,Fail
30,7.3,87,72,Pass
31,1.2,80,29,Fail
32,3.1,84,35,Fail
33,7.6,67,64,Pass
34,3.7,91,47,Pass
35,3.9,77,44,Fail
36,0.5,67,21,Fail
37,1.0,61,34,Fail
38,3.1,76,42,Fail
39,1.6,90,35,Fail
40,6.8,87,54,Pass
41,8.4,83,79,Pass
42,0.7,76,17,Fail
43,4.3,74,42,Fail
44,4.7,81,55,Pass
45,5.6,78,56,Pass
46,5.7,99,65,Pass
47,3.1,82,40,Fail
48,4.6,81,45,Pass
49,7.5,85,61,Pass
50,7.5,84,61,Pass
51,3.9,73,41,Fail
52,1.4,70,26,Fail
53,4.2,86,48,Pass
54,4.4,75,40,Fail
55,2.6,78,47,Pass
56,6.0,78,54,Pass
57,5.3,89,50,Pass
58,0.6,75,20,Fail
59,6.6,66,67,Pass
60,3.8,69,33,Fail
